Gene,18A,19D,20A,20E,24C,25A,25C,26C,33C,34A,3C,47A,49E,50A,50C,54A,54C,5A,CGLU125,CGLU135,CGLU168,CGLU172,CGLU181,CGLU185,CGLU193,CGLU201,CGLU233,CGLU268,CGLU270,CGLU311,CGLU341,CGLU514,CGLU515,CGLU521,Pt1,Pt14,Pt16,Pt19,Pt23,Pt27,Pt30,Pt4,Pt7,SU2CLC-CLE-NIVO3-T1,SU2CLC-COL-1001-T1,SU2CLC-COL-1025-T1,SU2CLC-COL-1031-T1,SU2CLC-DFC-1018-T1,SU2CLC-DFC-1429-T1,SU2CLC-DFC-1437-T1,SU2CLC-DFC-1516-T1,SU2CLC-DFC-DF0421-T1,SU2CLC-DFC-DF0770-T1,SU2CLC-DFC-DF0775-T1,SU2CLC-DFC-DF0790-T1,SU2CLC-DFC-DF0902-T1,SU2CLC-DFC-DF0908-T1,SU2CLC-DFC-DF0910-T1,SU2CLC-JHU-0006-T1,SU2CLC-JHU-0017-T1,SU2CLC-MDA-1563-T1,SU2CLC-MGH-1051-T1,SU2CLC-MGH-1054-T1,SU2CLC-MGH-1129-T1,SU2CLC-MGH-1162-T1,SU2CLC-MGH-1164-T1,SU2CLC-MGH-1412-T1,SU2CLC-MGH-1417-T1,SU2CLC-MGH-1575-T1,SU2CLC-MSK-1025-T1,SU2CLC-MSK-1026-T1,SU2CLC-MSK-1029-T1,SU2CLC-MSK-1082-T1,SU2CLC-MSK-1084-T1,SU2CLC-MSK-1085-T1,SU2CLC-MSK-1088-T1,SU2CLC-MSK-1096-T1,SU2CLC-MSK-1100-T1,SU2CLC-MSK-1102-T1,SU2CLC-MSK-1116-T1,SU2CLC-MSK-1357-T1,SU2CLC-MSK-1543-T1,SU2CLC-MSK-1544-T1,SU2CLC-MSK-1549-T1,SU2CLC-MSK-1550-T1,SU2CLC-MSK-A2002-T1,SU2CLC-MSK-A2012-T1,SU2CLC-MSK-A2025-T1,SU2CLC-MSK-A2028-T1,SU2CLC-MSK-A2032-T1,SU2CLC-MSK-A2033-T1,SU2CLC-MSK-A2040-T1,SU2CLC-MSK-A2043-T1,SU2CLC-MSK-A2049-T1,SU2CLC-MSK-A2051-T1,SU2CLC-MSK-A2052-T1,SU2CLC-MSK-A2055-T1,SU2CLC-MSK-A2068-T1,SU2CLC-MSK-A2070-T1,SU2CLC-MSK-A2082-T1,SU2CLC-MSK-A2083-T1,SU2CLC-MSK-A2088-T1,SU2CLC-MSK-A2091-T1,SU2CLC-UCD-1142-T1,SU2CLC-UCD-1145-T1,SU2CLC-YAL-104-T1,SU2CLC-YAL-108-T1,SU2CLC-YAL-111-T1,SU2CLC-YAL-2503-T1,SU2CLC-YAL-2507-T1,SU2CLC-YAL-2511-T1,SU2CLC-YAL-2518-T1
ATM,Missense_Mutation,,,,,,,,,Missense_Mutation,,Nonsense_Mutation,,,,,,,,,,Missense_Mutation,,,,,,,,,,Splice_Site,,Nonsense_Mutation,,Missense_Mutation,,,,Missense_Mutation,,,,Missense_Mutation,,,,,,Splice_Site,,Missense_Mutation,Missense_Mutation,,,,,,,Missense_Mutation,,,Missense_Mutation,Missense_Mutation,,,,,,,Missense_Mutation,,Splice_Site,,,,Splice_Site,,,,Missense_Mutation,,,Splice_Site; Missense_Mutation,,Nonsense_Mutation; Frameshift_ins,Missense_Mutation,,,,,,,Missense_Mutation,,,,Missense_Mutation,Missense_Mutation,,,,Missense_Mutation,,,,,,,,,
B2M,,,Nonsense_Mutation,Nonsense_Mutation,,,,,,,,,,,,,,,,,,,,,,,,,,,,,,,,,,,,,Inframe_ins,,,,Missense_Mutation,,,,,,,,,,,,,,,,,,,,,,,,,,,,,,,,,,,,Missense_Mutation; Nonsense_Mutation,,,,,,,Missense_Mutation; Frameshift_del,,,,,,,,,,,,,,,,,,,,,,,,
BCLAF1,,,Missense_Mutation,Missense_Mutation,Missense_Mutation,Missense_Mutation,Missense_Mutation,,Missense_Mutation,,,Missense_Mutation,,,,,,,,,,,Missense_Mutation,Missense_Mutation,,,,,,,,,Missense_Mutation,,Missense_Mutation,Missense_Mutation,Missense_Mutation,,Missense_Mutation,,,,Nonsense_Mutation,,,,,,,,,,,,,,,,,,,,,,,,,,,,,,,,,,,,,,,,,,,,,,,,,,,,,,,,,,,,,,,,Missense_Mutation,,,,,
BRAF,,Missense_Mutation,Missense_Mutation,Missense_Mutation,,Missense_Mutation,Missense_Mutation,Missense_Mutation,,,,,,Missense_Mutation,Missense_Mutation,,,Missense_Mutation,,,,,,,,,,,Missense_Mutation,,,,,,,Missense_Mutation,Missense_Mutation,,Missense_Mutation,,,Missense_Mutation,,,,,Missense_Mutation,,,,,,,,,,Missense_Mutation,,,,,,,,,,,,,,,,,,,,,,,Splice_Site,,,,,,,Missense_Mutation,,,,,,,,,,,,,,Missense_Mutation,,,,Missense_Mutation,,,,Missense_Mutation,,,
CDKN2A,,,Nonsense_Mutation,Nonsense_Mutation,,,,,,,,,,,,,,,,Frameshift_del,Nonsense_Mutation,,,,,,,,,Missense_Mutation,,,,,,,,,,,,,,,,Nonsense_Mutation,,,,,,,,,Splice_Site,Nonsense_Mutation,,,Nonsense_Mutation,,,,,,,,,,,,Missense_Mutation,Missense_Mutation,,Nonsense_Mutation,,,,,Nonsense_Mutation,,,Missense_Mutation,,,Missense_Mutation,,,,,,,Missense_Mutation,,,,,,,,,Missense_Mutation,,,,,,,,,,,
CTNNB1,,,,,,,,,,,,,Missense_Mutation,,,,,,,,,,,,,,,,,,,,,,,,,,,,,,Missense_Mutation,,,,Missense_Mutation,,,,,,,,Nonsense_Mutation,,,,,,,,,,,,,,,,,Missense_Mutation,,,,,,,,,,,,,,,,,,Missense_Mutation,,,,,,,Missense_Mutation,,,,,,,,,,,,,,,
EGFR,Missense_Mutation,,,Missense_Mutation,,Missense_Mutation,Missense_Mutation,,,,,Missense_Mutation,,Missense_Mutation,Missense_Mutation,,,,Splice_Site,,,,,,,,,,,,,,,,,,Missense_Mutation,,,,,,,,,,,Inframe_del,,,,,,,,,,Inframe_ins,,,,,,,,,,,,Missense_Mutation,,,,,,Missense_Mutation,,,,,,,,,,,,,,,,,Missense_Mutation; Inframe_del,,,,,,,,,Missense_Mutation,Missense_Mutation,,,,Missense_Mutation,Missense_Mutation,,,Missense_Mutation,
FAT1,,,,,Missense_Mutation,,,,,Missense_Mutation,,,,,,,,,,,,,,,,Missense_Mutation,Missense_Mutation; Nonsense_Mutation,,,,,,,,,,,Missense_Mutation,,,,Missense_Mutation,,,,,,,,,,,,Missense_Mutation,Missense_Mutation,,,,,,Missense_Mutation; Nonsense_Mutation,,,,,Splice_Site; Missense_Mutation,Missense_Mutation,Missense_Mutation,,,Missense_Mutation,,,Missense_Mutation,,,,,,,Missense_Mutation,,,,Missense_Mutation,,,,,,,,,,,Missense_Mutation,,,Missense_Mutation,,,,,,,,,,Missense_Mutation,,,Frameshift_del
HLA-A,,,,,,,,,,,,,,,,,,,,,,,,,,,,,,,,,,,,,,,,,,,,,,,,,,,,,,,,,,,,,,,,,,,,,,,,,,,,,,,,,,,,,,,,,,,,,,,,,,,,,,,,,,Missense_Mutation,,,,,,
HLA-B,,,,,,,,,,,,,,,,,,,,,,,,,,,,,,,,,,,,,,,,,,,,,,,,,,,,,,,,,,,,,,,,,,,,,,,,,,,,,,,,,,,Missense_Mutation,,,,,,Missense_Mutation,,,,,,,,,,,,,,,Missense_Mutation,,,,,,,,
IFNGR1,,,,,,,,,,,,,,,,,,,,,,,,,,,,,,,,,,,,,,,,,,,,,,,,,,,,,,,,,,,,,,,,,,,,,,,,,,,,,,,,,,,,,,,,,Missense_Mutation,,,,,,,Missense_Mutation,,,,,,,,,,,,,,,,
JAK1,,,,,Missense_Mutation,,,,,,,,,,,,,,,Missense_Mutation,,,,,,,,,,,,,Missense_Mutation,,,,,,,,,,,,,,,,,,,,,,,,,,,,,,,,,,,,,,,,,,Missense_Mutation,,,Missense_Mutation,,,,,,,,,,,,,,Missense_Mutation,,,,,,,,,,,,,,,,,,,,
KRAS,,,,,,,,Missense_Mutation,,,,,,,,,,,Missense_Mutation,,Missense_Mutation,Missense_Mutation,Missense_Mutation,Missense_Mutation,Missense_Mutation,,,Missense_Mutation,Missense_Mutation,,Missense_Mutation,,Missense_Mutation,,,,,,,,,,,,Missense_Mutation,,,,,Missense_Mutation,,Missense_Mutation,Missense_Mutation,,,,Missense_Mutation,,,Missense_Mutation,,Missense_Mutation,,,,Missense_Mutation,Missense_Mutation,,Missense_Mutation,,,,Missense_Mutation,,,,Missense_Mutation,Missense_Mutation,Missense_Mutation,,,Missense_Mutation,Missense_Mutation,Missense_Mutation,,Missense_Mutation,Missense_Mutation,Missense_Mutation,Missense_Mutation,Missense_Mutation,Missense_Mutation,Missense_Mutation,,Missense_Mutation,,Missense_Mutation,Missense_Mutation,,,Missense_Mutation,,,,Missense_Mutation,,,,,,Missense_Mutation,,Missense_Mutation
NRAS,Missense_Mutation,,,,Missense_Mutation,,,,Missense_Mutation,,Missense_Mutation,,,,,Missense_Mutation,Missense_Mutation,,,,,,,,,,,,,,,,,,Missense_Mutation,,,Missense_Mutation,,Missense_Mutation,Missense_Mutation,,,,,,,,,,,,,,,,,,,,,,,,,,,,,,,,,,,,,,,Missense_Mutation,,,,,,,,,,,,,,,,,,,,,,,,,,,,,,,,
PIK3CA,,,,,,,,Missense_Mutation,,,Missense_Mutation,,,,,Nonsense_Mutation,Nonsense_Mutation,,,,,,,,,,,,,,,,,,,,,,,,,Missense_Mutation,Missense_Mutation,,,,,Missense_Mutation,,,Missense_Mutation,,,Missense_Mutation,,,,,,,,,,Missense_Mutation,Missense_Mutation,,Missense_Mutation,,,,,,,,,Missense_Mutation,,,,,,,,Missense_Mutation,,,,,,Missense_Mutation,,,,,Missense_Mutation,,,Missense_Mutation,,,,,,,,,,,,,,
PPP6C,,Missense_Mutation,,,,,Missense_Mutation,,,,Nonsense_Mutation,Missense_Mutation,,,,,,,,,,,,,,,,,,,,,,,Missense_Mutation,,,Missense_Mutation,,Splice_Site,,,,,,,,,,,,,,,,,,,,,,,Missense_Mutation,,,,,,,,,,,,,,,,,,,,,,,,,,,,,,,,,,,,,,,,,,,,,,,,,
RAC1,,,,,,,,,,,,,,,,,,,,,,,,,,,,,,,,,,,,,,Missense_Mutation,,,Missense_Mutation,,,,,,,,,,,,,,,,,,,,,,,,,,,,,,,,,,,,,,,,,,,,,,,,,,,,,,,,,,,,,,,,,,,,,,,
STK11,,,,,,,,,,,,,,,,,,,,,,Nonsense_Mutation,,,Nonsense_Mutation,Missense_Mutation,,Nonsense_Mutation,,,Nonsense_Mutation; Missense_Mutation,Missense_Mutation,,Frameshift_del,,,,,,,,,,,,,,,Missense_Mutation,Frameshift_del,,,,Nonsense_Mutation,,Missense_Mutation,,,,Nonsense_Mutation,,Missense_Mutation,,,,,,Splice_Site,Missense_Mutation,,,,,,Missense_Mutation,,Missense_Mutation,,,,,,Missense_Mutation,,,Nonsense_Mutation,,,,,Splice_Site,,,Missense_Mutation,,,,Nonsense_Mutation,,Frameshift_del,Nonsense_Mutation,,,,Nonsense_Mutation,Frameshift_del,Nonsense_Mutation,,,Missense_Mutation,,
TAP1,,,,,,,,,,,,,,,,,,,,,,,,,,,,,,,,,,,,,,,,,,,,,,,,,,,,,,,,,,,,,,,,,,,,,,Missense_Mutation; Nonsense_Mutation,,,,,,,,,,,,,,,,,,,,,,,,,,,,,,,,,,,,,,,,,,
TERT,,,Missense_Mutation,Missense_Mutation,,,,,,,,,,,,Missense_Mutation,Missense_Mutation,Missense_Mutation,,,,,,,,,,,,,,Missense_Mutation,Missense_Mutation,,,,,,Missense_Mutation,Missense_Mutation,,Missense_Mutation,,,,,,,Missense_Mutation,,Missense_Mutation,Missense_Mutation,,Missense_Mutation,,,,,,,,,,Missense_Mutation,,,,,,,Missense_Mutation,,,,,,,,,,Missense_Mutation,,,,,,Nonsense_Mutation,,,,,,,,,,,,,,,,,,,,,,,,,
TP53,,,Nonsense_Mutation; Missense_Mutation,Nonsense_Mutation; Missense_Mutation,,,,,Nonsense_Mutation,Missense_Mutation,,,Nonsense_Mutation; Missense_Mutation,Missense_Mutation,Missense_Mutation,Missense_Mutation,Missense_Mutation,Missense_Mutation,Frameshift_ins,Nonsense_Mutation,Missense_Mutation,,Splice_Site,Missense_Mutation,Nonsense_Mutation,Missense_Mutation,Missense_Mutation,Missense_Mutation,Missense_Mutation,Inframe_del; Missense_Mutation,,,Missense_Mutation,Missense_Mutation,Missense_Mutation,Missense_Mutation,Missense_Mutation,,,,,,,Frameshift_del,Nonsense_Mutation; Frameshift_del,Nonsense_Mutation; Missense_Mutation,Nonsense_Mutation,Nonsense_Mutation; Missense_Mutation,Frameshift_del,,Missense_Mutation,,Missense_Mutation,Splice_Site; Inframe_del,Nonsense_Mutation; Missense_Mutation,Missense_Mutation,Missense_Mutation,Missense_Mutation; Inframe_del,Nonsense_Mutation; Missense_Mutation,,Missense_Mutation,Missense_Mutation,Missense_Mutation,Nonsense_Mutation,Frameshift_del,Missense_Mutation,Splice_Site,Missense_Mutation,Missense_Mutation,Missense_Mutation,Nonsense_Mutation,Nonsense_Mutation,Missense_Mutation,Missense_Mutation,Missense_Mutation,Missense_Mutation,,Missense_Mutation,Missense_Mutation,Missense_Mutation,Missense_Mutation,Missense_Mutation,,,Missense_Mutation,,Nonsense_Mutation,,Nonsense_Mutation,,Missense_Mutation,Missense_Mutation,Missense_Mutation,,Missense_Mutation; Splice_Site,Missense_Mutation,Missense_Mutation,Nonsense_Mutation,Splice_Site,Missense_Mutation,,Splice_Site,Missense_Mutation,Nonsense_Mutation,Frameshift_del,Nonsense_Mutation,,Missense_Mutation,Nonsense_Mutation,Missense_Mutation,Missense_Mutation,Missense_Mutation