HLA,Antigen,MT_affinity,WT_peptide,WT_affinity,Immunogenicity
B*41:01,IENPWSGCPI,84.9,LKTPGVDAPS,35209.1,0
B*40:02,IENPWSGCPIL,50.6,LKTPGVDAPSW,22693.4,0
B*41:01,WEAVEAAV,72,REAVEAAV,56.7,0
B*40:02,WEAVEAAV,61,REAVEAAV,39.3,0
A*02:01,ILDEAYVMANV,5.1,ILDEAYVMASV,4.7,1
A*02:01,VMANVDNPHV,19.4,VMASVDNPHV,16.1,1
C*02:02,YVMANVDNPHV,310.5,YVMASVDNPHV,364.3,0
A*02:01,YVMANVDNPHV,6.4,YVMASVDNPHV,6.5,1
B*41:01,CETIHIAI,61.9,CETIHVAI,59.8,0
B*41:01,VEKCETIHIAI,95.3,VEKCETIHVAI,94.8,0
B*41:01,CETIHIAIV,81.6,CETIHVAIV,79.6,0
A*02:01,SQISWIKGV,23.8,SQKSWIKGV,3483.7,1
A*02:01,LLFADKFLQL,13.8,LLFADQFLQL,9.4,1
A*02:01,LLFADKFL,47.5,LLFADQFL,11.7,1
A*24:02,LWATAILF,81.8,LWAPAILF,50.3,0
A*02:01,FVLWATAI,34.7,FVLWAPAI,26.6,1
A*24:02,LWATAILFW,106,LWAPAILFW,46,0
A*24:02,LWATAILFWQF,22.9,LWAPAILFWQF,12.9,1
B*41:01,AEMLQMDEEL,119.9,AERLQMDEEL,538.1,0
B*40:02,AEMLQMDEEL,25.3,AERLQMDEEL,105.4,1
A*02:01,YMCNSSCMGGL,48.6,YMCNSSCMGGM,270.2,1
C*02:02,YVYKARRM,181.8,YVYKARRT,6324.7,0
B*40:02,CETIHIAI,58.8,CETIHVAI,60.1,0
C*17:01,FADKFLQL,441.3,FADQFLQL,466.4,0
A*02:01,VLSFVLWATAI,37.5,VLSFVLWAPAI,22.4,1
A*02:01,VLWATAIL,42.8,VLWAPAIL,61.9,1
A*02:01,VLSFVLWAT,45.2,VLSFVLWAP,926.7,1
B*41:01,IENPWSGCPIL,323.1,LKTPGVDAPSW,30758,0
B*40:02,KQFPYQIENPW,251.5,KQFHIKLKTPG,3058.7,0
B*40:02,IENPWSGCPI,63,LKTPGVDAPS,32316.8,0
A*24:02,KFSSLPLGW,489.6,KFSSLPLGR,17273,0
B*41:01,VEKCETIHI,301.9,VEKCETIHV,237.9,0
A*02:01,ALFVNLLLL,74.8,ALFVNSLLL,99.1,0
B*40:02,LQLALFVNL,69.8,LQLALFVNS,2993.1,0
B*40:02,LQLALFVNLL,126.7,LQLALFVNSL,95.7,0
A*24:02,RYCGKLIPPSL,166.4,RYCGKSIPPSL,203.6,0
A*24:02,ATAILFWQF,229.5,APAILFWQF,2818.4,0
A*24:02,SFVLWATAILF,174.8,SFVLWAPAILF,212.6,0
B*40:02,AELTVEEKQL,152.6,AELIVEEKQL,135.6,0
A*24:02,RAQTICFSYF,146,RAQTIRFSYF,224.4,0
B*40:02,SERMSGLSAEM,187.7,SERMSGLSAER,11013.6,0
B*41:01,QELEKGKQRVA,498.4,QELEKEKQRVA,772,0
A*02:01,SLLVAPGDEEL,281.2,ALLVAPGDEEL,304,0
A*02:01,SLPLGWEA,326.9,SLPLGREA,7681.7,0
A*02:01,SLPLGWEAV,209.1,SLPLGREAV,1501,0
B*41:01,WEAVEAAVKEA,268.2,REAVEAAVKEA,270,0
B*40:02,WEAVEAAVKEA,374,REAVEAAVKEA,283.2,0
B*40:02,VEKCETIHIA,435.9,VEKCETIHVA,300.9,0
B*41:01,CETIHIAIVCA,178.7,CETIHVAIVCA,181.9,0
B*40:02,CETIHIAIVCA,361.1,CETIHVAIVCA,387.5,0
B*40:02,VEKCETIHIAI,68.9,VEKCETIHVAI,69.2,0
B*41:01,VEKCETIHIA,208.7,VEKCETIHVA,160.4,0
B*40:02,CETIHIAIV,154.6,CETIHVAIV,151.6,0
B*40:02,VEKCETIHI,238,VEKCETIHV,266.5,0
B*41:01,LERLQSQISWI,233.3,LERLQSQKSWI,579.5,0
B*40:02,LERLQSQISWI,384.8,LERLQSQKSWI,1020.9,0
B*40:02,LERLQSQI,270.1,LERLQSQK,10877.2,0
B*41:01,LERLQSQI,226.7,LERLQSQK,13640.6,0
A*02:01,LQSQISWIKGV,242.3,LQSQKSWIKGV,675.4,0
A*02:01,RLQSQISWI,152.4,RLQSQKSWI,5000.9,0
B*40:02,SQISWIKGVF,385.2,SQKSWIKGVF,1482.4,0
A*02:01,ALFVNLLL,68.5,ALFVNSLL,92.8,0
A*02:01,QLALFVNLL,185.7,QLALFVNSL,189.3,0
A*02:01,ALFVNLLLLI,59.2,ALFVNSLLLI,72.3,0
A*02:01,NLLLLIGSL,443.7,NSLLLIGSL,10604.8,0
A*02:01,QLALFVNLLL,189.1,QLALFVNSLL,170.4,0
A*02:01,QLALFVNL,194.2,QLALFVNS,7573.1,0
A*02:01,FVNLLLLI,236.1,FVNSLLLI,57.6,0
A*02:01,NLLLLIGSLYI,115.9,NSLLLIGSLYI,5344.3,0
A*02:01,LQLALFVNLL,203.3,LQLALFVNSL,166.3,0
A*02:01,RLQLALFVNL,95.9,RLQLALFVNS,3983.1,0
A*02:01,RLQLALFVNLL,123.1,RLQLALFVNSL,120,0
A*02:01,LQLALFVNLLL,238.8,LQLALFVNSLL,235.8,0
B*40:02,LQLALFVNLLL,117.8,LQLALFVNSLL,144.1,0
A*02:01,LLLLIGSL,256.1,SLLLIGSL,252.5,0
A*02:01,QLALFVNLLLL,263.6,QLALFVNSLLL,303.1,0
A*02:01,LQLALFVNL,153.2,LQLALFVNS,12175.5,0
A*02:01,LLLLIGSLYI,136.4,SLLLIGSLYI,120.4,0
A*02:01,ATAILFWQFV,187.5,APAILFWQFV,9999.7,0
A*02:01,WVLSFVLWATA,243.1,WVLSFVLWAPA,98.3,0
A*02:01,WVLSFVLWAT,416.2,WVLSFVLWAP,6712.3,0
A*02:01,VLSFVLWATA,74.8,VLSFVLWAPA,38.1,0
A*02:01,ATAILFWQFVV,165,APAILFWQFVV,8800.7,0
A*02:01,FVLWATAIL,66.2,FVLWAPAIL,115.8,0
A*02:01,QTICFSYFAL,211.1,QTIRFSYFAL,742.6,0
A*24:02,CFSYFALI,234.4,RFSYFALI,75.4,0
B*40:02,AQTICFSYFAL,106.5,AQTIRFSYFAL,171.9,0
A*02:01,QTICFSYFA,134.5,QTIRFSYFA,566.7,0
A*02:01,QTICFSYFALI,280.7,QTIRFSYFALI,824.1,0
A*02:01,MLQMDEEL,257.3,RLQMDEEL,1038.2,0
A*02:01,RMSGLSAEML,159.1,RMSGLSAERL,274.1,0
A*02:01,RMSGLSAEM,251,RMSGLSAER,15036.3,0